Neurons,Test_Accuracy,CV_Accuracy,CV_Std,Time
500,0.9333664973556056,0.9217068572775116,0.0021186851235142938,568.4723002910614
