Neurons,Accuracy,Training Time (s)
500,0.9475833900612661,434.1076946258545
1000,0.9474524794470336,387.86573028564453
1500,0.9475572079384197,721.2670419216156
